[
  {
    "model": "history.year",
    "pk": 2,
    "fields": {
      "name": "1969 - 1976"
    }
  },
  {
    "model": "history.year",
    "pk": 3,
    "fields": {
      "name": "1977 - 1981"
    }
  },
  {
    "model": "history.year",
    "pk": 4,
    "fields": {
      "name": "1982 - 1988"
    }
  },
  {
    "model": "history.year",
    "pk": 5,
    "fields": {
      "name": "1990 - 2004"
    }
  },
  {
    "model": "history.year",
    "pk": 6,
    "fields": {
      "name": "2005 - 2017"
    }
  },
  {
    "model": "history.year",
    "pk": 7,
    "fields": {
      "name": "2017 - 2019"
    }
  },
  {
    "model": "history.year",
    "pk": 8,
    "fields": {
      "name": "2020"
    }
  },
  {
    "model": "history.history",
    "pk": 1,
    "fields": {
      "title": "Скромное начало",
      "text": "Большой энтузиаст гонок Фрэнк Уильямс впервые выставил свою команду в Формуле-1 в 1969 году. В те времена гонки ещё не были напичканы мощными и дорогостоящими технологиями и выставить машину на старт, пусть даже и купленную у сторонней компании, мог почти каждый. Вот и Железный Фрэнк решит вовсю погрузится в мир \"королевских гонок\", назвав своё детище Frank Williams Racing Cars.\r\n\r\nДаже по тем меркам бюджет команды был очень маленький, поэтому за руль единственного купленного у Джека Брэбема болида было доверено выступать большому другу Фрэнка Пирсу Кариджу. Результаты превзошли все ожидания: Каридж четырежды набирал очки, а в Монако и США ему и вовсе удалось подняться на серебряную ступень пьедестала почёта.\r\n\r\nНа фоне успехов 1969-го, следующий 1970 год сложился катастрофически... Мало того, что новый болид De Tomaso по скорости напоминал черепашку, так ещё и на Гран-при Голландии в Зандвоорте Пирс Каридж попал в аварию и сгорел заживо...\r\n\r\nГибель близкого друга сильно подкосила Фрэнка... Он даже хотел бросить своё дело, которое так любил... Но взял себя в руки и продолжил свой путь в автоспорте... Правда последующие гонки не приносили должного результата, в виду отсутствия денег и талантливых гонщиков. Очковые финиши местами и были, но за долгих 5 лет после того злополучного инцидента выхода из кризиса не находилось. И тут чудо! На Гран-при Германии 1975 года Жак Лаффит за рулём, казалось бы, беспомощного Williams FW04, приносит подиум, 2 место!\r\n\r\nИменно оно и заставляет обратить на себя внимание канадского миллиардера Вальтера Вольфа, который выкупает половину команды у Фрэнка Уильямса и принимается вкладывать в неё деньги.\r\n\r\nНо новая машина, построенная уже самостоятельно, оказалась совершенно неконкурентоспособной. Вальтер Вольф, поняв, что такое положение вещей его не устраивает, фактически приватизировал всю команду, оставив Фрэнка Уильямса не у дел.",
      "Year": 2,
      "slug": "skromnoe-nachalo"
    }
  },
  {
    "model": "history.history",
    "pk": 2,
    "fields": {
      "title": "К звёздам с чистого листа",
      "text": "Потеряв всё, Железный Фрэнк начинает новую главу своей жизни. Он создаёт Williams Grand Prix Engineering и знакомится с подающим надежды на гениальность конструктором Патриком Хэдом. Впоследствии этот тандем уделает весь паддок первой формулы, но тогда, в 1977 году, необходимо было срочно найти деньги на постройку хорошей машины.\r\n\r\nПромучавшись год на клиентском March 761, ребята получают крупный спонсорский пакет от Саудовской авиакомпании, нанимают лучшего из доступных тогда пилотов, австралийца Алана Джонса, и являют миру Williams FW06. Болид не отличался надёжностью, однако на предпоследнем этапе в США Джонсу удаётся взобраться на 2 ступень подиума, что даёт мощный эмоциональный толчок к новым свершениям.\r\n\r\nВ новом 1979 году коллектив расширяется до двух пилотов, в пару к австралийцу приходит вице-чемпион 1974 года швейцарец Клей Регаццони. Первые полсезона команда проводит на старой машине, однако появившийся вскоре FW07 наносит соперникам удар за ударом! Сначала Регаццони в Сильверстоуне приносит Фрэнку Уильямсу первую в её истории победу, а затем Алан Джонс выигрывает 4 из 6 оставшихся этапов чемпионата и команда занимает заслуженное 2 место в Кубке Конструкторов!\r\n\r\n1980 год оказался первым триумфальным для Williams Grand Prix Engineering - чемпионский титул как в личном, так и в командном зачёте. И это всего за 3 года существования команды, которая была создана фактически с нуля! В следующем сезоне команда могла повторить успех, но возникшая между Аланом Джонсом и пришедшем на смену Регаццони аргентинцем Карлосом Ройтеманом крупная ссора помешала завоевать чемпионский титул среди пилотов, но Кубок Конструкторов (который Фрэнк Уильямс ценил больше личного зачёта) завоевать всё же удалось.",
      "Year": 3,
      "slug": "k-zvyozdam-s-chistogo-lista"
    }
  },
  {
    "model": "history.history",
    "pk": 3,
    "fields": {
      "title": "Период колебаний",
      "text": "В 1982-ом Кеке Росбергу ещё удаётся завоевать чемпионский титул, но уже тогда становится понятно, что машины с изрядно устаревшим двигателем Ford Cosworth DFV не могут конкурировать с надвигающейся армадой турбомонстров. Наступает первый в истории Williams Grand Prix Engineering кризисный период, связанный с поиском хорошего мотора и его освоению, продлившийся, в общей сложности, 3 года.\r\n\r\nВ 1984 году команда подписывает контракт на поставку двигателей Honda, но только к концу 1985-го инженерам Williams удаётся наладить его работу, устранив, мешавшие ей всё это время, проблемы с надёжностью.\r\n\r\nСледующие 2 сезона стали подлинным бенефисом шасси FW11, которое однозначно было лучшем в пелетоне. Вот только назревший конфликт между пилотами вновь помешал им сполна насладиться триумфом, но это было ничто по сравнению с той бедой, которая настигла самого Фрэнка Уильямса.\r\n\r\nВ начале 1986 года он попадает в страшную автокатастрофу, которая навсегда приковала его к инвалидной коляске. Пока Железный Фрэнк восстанавливался, бразды правления в его коллективе взял на себя Патрик Хэд, но ему, возможно, не хватило выдержки, чтобы держать внутри коллектива ту ссору, которая возникла между двумя непримиримыми соперниками - Найджелом Мэнселлом и Нельсоном Пике. Результат оказался тем же, что и 5 лет назад - победа в Кубке Конструкторов при проигранном личном зачёте. 1987 год расставил всё на свои места, но было ясно, что перемены назревали.\r\n\r\nМеждународная автомобильная федерация, FIA, объявила о том, что начиная с 1989 года турбомоторы будут запрещены, но ещё до этого события коллектив из Гроу успел потерять сразу две составляющие успеха двух последних лет - Нельсона Пике и моторы Honda.\r\n\r\nПережив с ненадёжной машиной, оснащённой моторами Judd, кризис 1988 года, команда вступила в новую эру Формулы-1, подписав контракт на поставку 10-цилиндровых атмосферных двигателей Renault.",
      "Year": 4,
      "slug": "period-kolebanij"
    }
  },
  {
    "model": "history.history",
    "pk": 4,
    "fields": {
      "title": "Золотая эпоха",
      "text": "1990-е годы стали однозначно лучшими в истории Williams Grand Prix Engineering.\r\n\r\nОсвоившись с работой французских моторов, команда предпринимает очередной крестовый поход за чемпионскими титулами в обоих зачётах, нанимая в свой штат талантливого инженера Эдриана Ньюи. Результат этого взаимодействия известен всем: 4 чемпионских титула и 5 Кубков Конструктов за 7 лет работы Ньюи в Williams. Были в тот период и печальные моменты, прежде всего гибель Айртона Сенны в 1994-ом, но факт остаётся фактом. Период работы Эдриана Ньюи в Williams остаётся пиком истории коллектива из Гроу.\r\n\r\nНо в 1998-ом команда вновь, как и 10 годами ранее, теряет две составляющих своего успеха - на сей раз, помимо моториста, она лишается своего главного специалиста по аэродинамике.\r\n\r\nПережив 2 сезона без побед, Williams переходит на моторы BMW. И это принесло новую волну успехов. В 2001-2004 годах Ральф Шумахер и Хуан-Пабло Монтойя одержали на двоих 10 побед и казалось, что это этот альянс может принести ещё много побед. Но немцам из BMW захотелось иметь свою собственную команду, а с сэром Фрэнком им в этом смысле было не по пути.\r\n\r\nНо куда больший урон команде нанёс уход в 2004 году Патрика Хэда. Это было начало очередного кризиса, длившегося добрый десяток лет.",
      "Year": 5,
      "slug": "zolotaya-epoha"
    }
  },
  {
    "model": "history.history",
    "pk": 5,
    "fields": {
      "title": "Новая эра",
      "text": "С 2005 года коллектив Фрэнка Уильямса превратился из топ-команды в крепкого середняка. Были подиумы, но не победы! Ни Cosworth, ни Toyota, ни Renault, не могли обеспечить машинам нужной скорости.\r\n\r\nТолько в 2014 году, у команды наступил последний, на сегодняшний день, всплеск результатов. Была одна победа в 2012-ом, одержанная Пастором Мальдонадо, чисто случайно, но именно с наступлением новой турбоэры, с приходом Mercedes в качестве мотористов, легендарный коллектив из Гроу вновь стал напоминать себя прежнего. Да заводские воспитанники трёхлучёвой звезды выигрывали практически все гонки, но Williams удавалось выглядеть очень достойно на фоне Mercedes, а иногда, даже и превосходить их по чистой скорости.\r\n\r\nВ 2016 году после двух подряд третьих мест в Кубке конструкторов,  в Williams неудачно провели сезон, заработав с тем же составом пилотов гораздо меньше очков, уступив не только тройке сильнейших команд, но и Force India...\r\n\r\nВ 2014-м Williams удалось после очень долгого перерыва вернуться в тройку лучших, в 2015-м третье место далось сложнее, но зимой 2016-го в команде говорили о желании развить успех и сделать следующий шаг.\r\n\r\nРазработкой FW38 руководил опытный Пэт Симондс – в команде постарались сохранить сильные стороны прошлогодней машины, решив проблемы, продолжавшиеся год за годом, в том числе недостаточную конкурентоспособность под дождём и на медленных трассах.\r\nВ 2014-м Williams удалось после очень долгого перерыва вернуться в тройку лучших, в 2015-м третье место далось сложнее, но зимой 2016-го в команде говорили о желании развить успех и сделать следующий шаг.\r\n\r\nРазработкой FW38 руководил опытный Пэт Симондс – в команде постарались сохранить сильные стороны прошлогодней машины, решив проблемы, продолжавшиеся год за годом, в том числе недостаточную конкурентоспособность под дождём и на медленных трассах.\r\n\r\nВ роли резервного пилота Пол ди Реста заменил Адриана Сутила, с которым команда сотрудничала в 2015-м, но садиться за руль ему не пришлось. Основными пилотами вновь стали Фелипе Масса и Валттери Боттас – они проводили вместе уже третий сезон.\r\nСамой результативной для Williams в этом году стала гонка в Сочи, где Боттас и Масса финишировали четвёртым и пятым. 22 очка за этот этап позволяли команде, с одной стороны, чувствовать себя более уверенно, с другой – уже весной в Williams признали, что тройка сильнейших команд быстрее, и навязать им борьбу без помощи внешних факторов вряд ли удастся, а один из таких ключевых факторов – дождь – играл против Williams, на влажной трассе FW38 теряла конкурентоспособность.\r\nГлавное, в чём удалось прибавить Williams в этом году – в скорости обслуживания машины на пит-стопах.\r\n\r\nВ 2015-м Williams была одной из худших по этому показателю, а в 2016-м стала безусловным лидером – 14 самых быстрых пит-стопов в 21 гонке – они были лучшими две трети сезона. Самым быстрым получился пит-стоп Фелипе Массы в Баку – механики обслужили машину за 1,92 секунды, установив новый рекорд. \r\n1 сентября на специальной пресс-конференции в Монце Фелипе Масса объявил о завершении карьеры в Формуле 1 после окончания сезона, а 3 ноября в команде подтвердили состав – в 2017-м за руль сядут Боттас и Стролл. \r\n\r\nВ 2017 Williams вновь заняла пятое место в Кубке конструкторов, но заработав почти в два раза меньше очков, чем год назад – и оказавшись слабейшей из команд с моторами Mercedes.\r\n\r\nПосле того, как в Mercedes после неожиданного ухода Нико Росберга пригласили к себе Валттери Боттаса, в Williams уговорили вернуться опытного Фелипе Массу, объявившего об отставке.Бразилец согласился – и стал наставником юного Лэнса Стролла.\r\n\r\nВ Williams провели сезон достаточно ровно – в первой половине сезона команда заработала 41 очко – и 42 очка во второй. Трижды гонщики зарабатывали очки двумя машинами. Всё было бы неплохо, если бы не катастрофическое отставание от другой клиентской команды с моторами Mercedes – больше сотни очков Williams уступила Force India.\r\n\r\nМашину для следующего сезона в Williams разрабатывали под руководством Падди Лоу, а он знает, как строить быстрые машины и оптимально использовать возможности силовой установки Mercedes.\r\n\r\nК сожалению, это продлилось недолго и коллектив сэра Фрэнка сначала упал в середину, а затем и вовсе рухнул в конец турнирной таблицы Кубка Конструкторов.",
      "Year": 6,
      "slug": "novaya-era"
    }
  },
  {
    "model": "history.history",
    "pk": 6,
    "fields": {
      "title": "Начало конца",
      "text": "После пятого места в Кубке конструкторов в 2017-м в Williams рассчитывали сделать следующий шаг, ведь новую машину строили под руководством Падди Лоу, но сезон оказался худшим в истории – безусловное последнее место без каких-либо светлых моментов.\r\n\r\nНовую Williams FW41, разработанную под руководством Падди Лоу с участием руководителя отдела аэродинамики Дирка де Бира – они оба пришли в команду в начале прошлого сезона, представили 15 февраля, обозначив задачу на сезон – бороться за подиумы и хотя бы сохранить пятую позицию в Кубке конструкторов.\r\n\r\nЧтобы добиться этого, инженеры Williams выбрали несколько иную аэродинамическую концепцию, чем в весьма успешном 2017-м, решив использовать несколько новых идей, которые должны были повысить эффективность шасси. Получилось ровно наоборот.\r\n\r\nО том, что с машиной что-то не так, стало понятно на зимних тестах, но с причинами пришлось разбираться гораздо дольше. Машине не хватало прижимной силы, она нервно вела себя в поворотах, плохо работала с резиной, была слишком зависима от конфигурации трассы и температуры, но главное – оказалась непредсказуема и сложна в управлении. Гонщикам приходилось бороться не с соперниками, а с машиной, чтобы просто удержать её на трассе.\r\n\r\nВ Williams лишились и титульного спонсорства Martini, и денег со стороны Стролла и SMP Racing, признав в конце сезона, что и удержать сотрудников в такой ситуации будет непросто. Williams покинул руководитель отдела аэродинамики Дирк де Бир, главный конструктор Эд Вуд, главный гоночный инженер Роб Смедли, ушли и оба гонщика.\r\n\r\n\r\n\r\nНа следующий год в Williams подписали контракт с участником молодёжной программы Mercedes, чемпионом Формулы 2 Джорджем Расселлом, согласовав условия с руководством немецкой компании. Его напарником стал Роберт Кубица, вернувшийся в число основных пилотов после восьмилетнего перерыва. Поляк нашел спонсоров, но сетовал на то, что в команде пока нет для него гоночного инженера.\r\n\r\nWilliams переживал не первый серьёзный кризис за последние годы. Казалось, хуже быть уже просто не может.\r\n\r\nКазалось, что ниже последнего места в 2018-м падать некуда, но сезон 2019 года оказался ещё хуже. Ещё четыре года назад Williams была третьей в Кубке конструкторов, а теперь стала безусловным аутсайдером.\r\n\r\nОпределённые ожидания были связаны с возвращением Роберта Кубицы, но результат оказался обидным для поляка и его болельщиков. В Williams тратят минимум средств на машину, компания остаётся прибыльной – некоторые утверждают, что в этом и есть главная цель. К сожалению, в последние годы Williams – лишь вывеска, напоминающая о былых успехах.\r\n\r\nПосле провала в 2018-м команду покинули многие сотрудники. Работа в Williams больше не была «лучшей строчкой в резюме». Технического директора Williams Падди Лоу уволили ещё до начала сезона. Точнее – отправили в отпуск, чтобы не платить за досрочное расторжение контракта. За девять дней до старта чемпионата Падди отказался от своей должности «по личным причинам».\r\n\r\nИскать ему замену не стали. Обязанности Падди разделили на несколько человек, а на роль консультанта пригласили бывшего совладельца и бывшего технического директора Патрика Хеда – он приезжал на базу пару раз в неделю, а в остальное время при необходимости консультировал по телефону. Сейчас на официальном сайте команды он значится только основателем.\r\n\r\nИнтересно, что в списке ключевых персон на этом сайте нет технического директора, ведущего специалиста по аэродинамике и главного инженера, как у остальных. Кроме отцов-основателей Уильямса и Хеда и гонщиков, там лишь Клэр, исполнительный директор Майк О’Дрисколл, финансовый директор Даг Лафферти и юрист Марк Биддл. Это вообще гоночная команда?\r\n\r\nВ межсезонье на смену Martini в роли титульного партнёра пришла американская компания ROKiT, а новая раскраска машины включала логотип польских спонсоров – нефтяной компании PKN Orlen, финансировавшей контракт с Кубицей.\r\nСильнейшему дебютанту сезона досталась слабейшая машина. В скорости Джорджа Расселла не было сомнений – за два года он выиграл два чемпионских титула подряд – в GP3 и Формуле 2. До аварии в 2011-м Роберт Кубица тоже был быстр. Все с нетерпением ждали его возвращения, в межсезонье этот вопрос много обсуждался, но потом сам собой сошёл на нет.\r\n\r\nВ конце сезона в команде признали дефицит запчастей. Несмотря на то, что гонщики почти не участвовали в борьбе с соперниками и редко попадали в аварии, запасных деталей могло не хватить до конца сезона.\r\n\r\nВ Сочи после аварии Расселла из-за отказа тормозов Кубицу позвали в боксы и просто сняли с гонки, чтобы не рисковать аварией второй машины – деталей для последующей замены в случае необходимости на выездных этапах почти не оставалось, а на значимый результат Роберт претендовать всё равно не мог. Польские спонсоры этим тоже были весьма недовольны.\r\n\r\nВ Сингапуре Кубица подтвердил расставание с Williams в конце сезона, а на следующем этапе и его спонсоры сообщили, что контракт с Williams продлевать не станут, хотя и останутся в Формуле 1. \r\n\r\nКризис в Williams затянулся, и выход из него без продажи команды или иной формы смены владельцев и руководства не виден.",
      "Year": 7,
      "slug": "nachalo-konca"
    }
  },
  {
    "model": "history.history",
    "pk": 7,
    "fields": {
      "title": "Возраждение",
      "text": "Главным результатом сезона 2020 для Williams стала смена владельцев. Сэр Фрэнк и Клэр Уильямс держались до последнего, но коронавирус и долговые обязательства не оставили выбора...\r\n\r\nПосле неудачного сезона в 2019-м Williams покинули немногие оставшиеся спонсоры, но был расширен контракт с компанией Sofina Foods, основатель и глава которой Майкл Латифи отец нового гонщика команды Николаса Латифи.\r\nВ конце мая титульный партнёр – британская компания ROKiT – без объяснения причин разорвала контракт, действовавший до конца 2021-го. И в Williams объявили о готовности продать команду для оплаты по обязательствам. Начались переговоры.\r\nЛишь в конце июня в Williams представили раскраску машины на сезон 2020 года – с логотипами тех партнёров и спонсоров, которых удалось собрать. \r\nНовыми владельцами Williams стали американские инвесторы из Dorilton Capital, дав прежде великой команде шанс на возвращение, подкреплённый финансами и бизнес-планом.  После этого объявления команда Williams F1 Team впервые не будет находиться под руководством семьи Уильямс с момента ее создания 43 года назад. Саймон Робертс, который присоединился к Williams из McLaren в мае 2020 года, стал исполняющим обязанности руководителя команды.В декабре 2020 года Уильямс объявил, что Йост Капито присоединится к Уильямсу в качестве нового генерального директора, а Саймон Робертс станет руководителем команды и будет отчитываться перед Капито.\r\n\r\nВ первой гонке 2020 года, Гран-при Австрии 2020 года, Латифи занял 11-е место, сразу за очками, тогда как в квалификации Рассел был всего в 0,15 секундах от достижения Q2. В мокрой квалификации к следующей гонке, Гран-при Штирии, Расселу удалось выйти из 1-го квартала, впервые пилот Williams сделал это после Гран-при Бразилии 2018 года, и в дождевых условиях квалифицировался 12-м. Рассел начал гонку 11-м, после применения штрафов для других гонщиков.\r\n\r\nНа Гран-при Венгрии 2020 года оба гонщика вышли из 1-го сигмента впервые с Гран-при Италии 2018 года. Это был второй раз, когда Рассел вышел из 1-го сигмента, и первый раз, когда Латифи вышел из 1-го сигмента.\r\n\r\nВо время Гран-при Монако 2021 года Williams отпраздновал свой 750-й старт Гран-при. Чтобы отпраздновать это событие, Williams запустила конкурс, в котором имена 100 сторонников Williams были указаны на их автомобиле Williams FW43B, а также количество гонок с тех пор, как они начали поддерживать Williams. На Гран-при Венгрии 2021 года Уильямс набрал свои первые очки с Гран-при Германии 2019 года с Робертом Кубицей. На Гран-при Бельгии 2021 года Рассел занял 2-е место и занял первый подиум Уильямса с Гран-при Азербайджана 2017 года, поскольку гонка была остановлена после того, как было пройдено всего два круга в условиях безопасности, что позволило большинству гонщиков сохранить свою квалификационную позицию. Команда также добилась второго подряд финиша с двойными очками, так как Латифи занял 9-е место. \r\n\r\nСезон 2021 гоода еще не закончен, но уже ясно, что команда начинает свое возвращение в середину пелетона.",
      "Year": 8,
      "slug": "vozrazhdenie"
    }
  },
  {
    "model": "history.historyimage",
    "pk": 1,
    "fields": {
      "image": "history/скромное_начало_1.webp",
      "description": "Пирс Каридж за рулём Brabham BT26 - первого болида, купленным Фрэнком Уильямсом для Формулы-1",
      "history": 1
    }
  },
  {
    "model": "history.historyimage",
    "pk": 2,
    "fields": {
      "image": "history/скромное_начало_2.webp",
      "description": "Подиум Гран-при Германии 1975 года. Источник - gettyimages.com",
      "history": 1
    }
  },
  {
    "model": "history.historyimage",
    "pk": 3,
    "fields": {
      "image": "history/к_звёздам_с_чистого_листа_1.webp",
      "description": "Патрик Хэд (слева) и Фрэнк Уильямс",
      "history": 2
    }
  },
  {
    "model": "history.historyimage",
    "pk": 4,
    "fields": {
      "image": "history/Период_колебаний_1.webp",
      "description": "Кеке Росберг за рулём Williams FW09",
      "history": 3
    }
  },
  {
    "model": "history.historyimage",
    "pk": 5,
    "fields": {
      "image": "history/период_колебаний_2.webp",
      "description": "Автомобильная авария, навсегда изменившая жизнь Фрэнка Уильямса",
      "history": 3
    }
  },
  {
    "model": "history.historyimage",
    "pk": 6,
    "fields": {
      "image": "history/золотая_эпоха_1.webp",
      "description": "Ален Прост за рулём Williams FW15C",
      "history": 4
    }
  },
  {
    "model": "history.historyimage",
    "pk": 7,
    "fields": {
      "image": "history/новая_эра_1.webp",
      "description": "Фелипе Масса за рулём Williams FW36",
      "history": 5
    }
  },
  {
    "model": "history.historyimage",
    "pk": 8,
    "fields": {
      "image": "history/новая_эра_2.jpg",
      "description": "Групповое фото Williams",
      "history": 5
    }
  },
  {
    "model": "history.historyimage",
    "pk": 9,
    "fields": {
      "image": "history/новая_эра_4.jpg",
      "description": "Лэнс Стролл на родиуме Гран При Азербайджана",
      "history": 5
    }
  },
  {
    "model": "history.historyimage",
    "pk": 10,
    "fields": {
      "image": "history/начало_конца_1.jpg",
      "description": "Лэнс Стролл в Баку",
      "history": 6
    }
  },
  {
    "model": "history.historyimage",
    "pk": 11,
    "fields": {
      "image": "history/начало_конца_2.jpg",
      "description": "Джордж Расселл и Роберт Кубица",
      "history": 6
    }
  },
  {
    "model": "history.historyimage",
    "pk": 12,
    "fields": {
      "image": "history/начало_конца_3.jpg",
      "description": "Пит-стоп Роберта Кубицы",
      "history": 6
    }
  },
  {
    "model": "history.historyimage",
    "pk": 13,
    "fields": {
      "image": "history/возраждение_1.jpg",
      "description": "Джордж Расселл на Гран При Тосканы",
      "history": 7
    }
  },
  {
    "model": "history.historyimage",
    "pk": 14,
    "fields": {
      "image": "history/возраждение_2.jpg",
      "description": "Клэр Уильямс прощается с командой",
      "history": 7
    }
  },
  {
    "model": "history.historyimage",
    "pk": 15,
    "fields": {
      "image": "history/возраждение_3.jpg",
      "description": "Исполнительный директор Williams Group Майк О’Дрисколл и Клэр Уильямс",
      "history": 7
    }
  },
  {
    "model": "news.tag",
    "pk": 1,
    "fields": {
      "name": "# Джордж Расселл",
      "slug": "dzhordzh-rassell"
    }
  },
  {
    "model": "news.tag",
    "pk": 2,
    "fields": {
      "name": "# Williams",
      "slug": "williams"
    }
  },
  {
    "model": "news.tag",
    "pk": 3,
    "fields": {
      "name": "# Николас Латифи",
      "slug": "nikolas-latifi"
    }
  },
  {
    "model": "news.news",
    "pk": 1,
    "fields": {
      "title": "Расселл настроен на сотрудничество с Хэмилтоном в 2022-м",
      "slug": "rassell-nastroen-na-sotrudnichestvo-s-hemiltonom-v-2022-m",
      "image": "articles/rassell.jpg",
      "publish": "2021-11-25T11:25:56Z",
      "author": 1,
      "text": "Джордж Расселл заверил, что настроен на плодотворное сотрудничество с Льюисом Хэмилтоном в следующем году, когда они станут напарниками в Mercedes. По его словам, залог успеха – в слаженной работе всей команды.\r\n\r\nДжордж Расселл: «В последнее время наш темп однозначно был несколько ниже по сравнению с тем, что мы показывали в течение сезона. Полагаю, две предыдущие трассы не лучшим образом подходили характеристикам машины Williams, но мы надеемся, что в Катаре будем в чуть более благоприятном положении.\r\n\r\nВ любом случае впереди гонки на новых трассах, которые гонщикам и командам ещё только предстоит изучить, а это всегда означает, что надо будет преодолевать какие-то новые испытания. В таких случаях всем приходится решать задачи с многими неизвестными, и вам только повредит, если у вас заранее сложатся какие-то представления, и вы окажетесь в плену неких ожиданий, ведь по ходу уик-энда надо быть готовыми адаптироваться. Это главное.\r\n\r\nВ этом году казалось, что преимущество на стороне Макса Ферстаппена и Red Bull, но я уже давным-давно говорю, что глупо недооценивать Льюиса и Mercedes. В прошлый уик-энд мы увидели тому подтверждение. Поразителен сам факт, что Хэмилтон по-прежнему продолжает бороться за титул, и в Бразилии он добился исключительных результатов. Я очень рад, что в следующем году стану его напарником, для меня это великолепная возможность.\r\n\r\nВ 2022-м мы оба будем участвовать в процессе доводки новой машины, помогая команде двигаться вперёд. Будем стараться выявлять слабые места машины, стараться её улучшать – в следующем году будет много разнообразных новинок и усовершенствований, это связано с переходом на новый технический регламент. Эта работа будет продолжаться в течение всего сезона, надо будет действовать очень слаженно, ведь пока совершенно неясно, какая из команд построит самую быструю машину.\r\n\r\nНо я считаю, что успех прежде всего зависит от слаженной работы всего коллектива, и, конечно, мы с Льюисом будем сотрудничать, чтобы его добиться».",
      "created": "2021-11-25T11:27:20.848Z",
      "updated": "2021-11-25T11:27:20.848Z",
      "status": "опубликован",
      "tags": [
        2,
        1
      ]
    }
  },
  {
    "model": "news.news",
    "pk": 2,
    "fields": {
      "title": "Два прокола шин на машинах Williams в Катаре",
      "slug": "dva-prokola-shin-na-mashinah-williams-v-katare",
      "image": "articles/157137.jpg",
      "publish": "2021-11-25T11:29:03Z",
      "author": 1,
      "text": "На последних кругах Гран При Катара на обеих машинах Williams произошёл прокол переднего левого колеса. Если Джордж Расселл сумел доехать до боксов, поставить новый комплект шин и финишировать семнадцатым, то его напарник Николас Латифи сошёл с дистанции. После финиша оба гонщика отметили, что рискованная стратегия с одним пит-стопом не оправдалась.\r\n\r\nДжордж Расселл (17-й): «Сегодня мы выбрали агрессивную стратегию с очень длинным финальным отрезком. В скоростных правых поворотах катарской трассы шины и так работают на пределе, а мне пришлось их ещё дополнительно нагружать в борьбе с гонщиками Alfa Romeo.\r\n\r\nК сожалению, за несколько кругов до финиша передняя левая шина не выдержала, но такое бывает. Жаль, что гонка закончилась именно так, но, в конечном итоге, мы ничего не потеряли, поскольку ближайшие соперники не заработали очки».\r\n\r\nНиколас Латифи (сход): «Мы попытались проехать гонку с одним пит-стопом, хотя понимали, что шины будут работать на пределе. Тем не менее, мы думали, что стратегию удастся реализовать. Удивительно, но не было никаких признаков того, что у шины возникнет прокол. К сожалению, из-за этого мы не успели вовремя скорректировать стратегию.\r\n\r\nДаже когда Джордж поехал в боксы, я продолжал считать, что смогу финишировать на этом комплекте шин, поскольку по ощущениям с ним было всё в порядке. Мы пошли на риск со стратегией, поскольку только так могли попытаться опередить Alfa Romeo. Жаль, что план не сработал. Наша машина достаточно быстра на этой трассе, но иногда так бывает».",
      "created": "2021-11-25T11:29:48.336Z",
      "updated": "2021-11-25T11:29:48.336Z",
      "status": "опубликован",
      "tags": [
        2,
        1,
        3
      ]
    }
  },
  {
    "model": "news.news",
    "pk": 3,
    "fields": {
      "title": "Штрафные баллы после Гран При Катара",
      "slug": "shtrafnye-bally-posle-gran-pri-katara",
      "image": "articles/149761.jpg",
      "publish": "2021-11-26T15:40:32Z",
      "author": 1,
      "text": "В 2014-м в FIA ввели систему штрафных баллов для гонщиков, ставших участниками инцидентов или допустивших нарушение правил. Если за 12 месяцев пилот наберёт 12 баллов, его отстранят от участия в гонке, но такого пока не случалось. Через 12 месяцев после начисления штрафные баллы сгорают.\r\n\r\nПо ходу Гран При Катара штрафные баллы получили Макс Ферстаппен и Валттери Боттас, не сбросившие скорость в зоне действия жёлтых флагов.\r\n\r\nШтрафные баллы после Гран При Катара\r\nГонщик \t      Команда \t       Баллы \t  Когда сгорят следующие\r\nС.Перес \t      Red Bull Racing         7 \t          18/04/22 - 2 балла\r\nЛ.Стролл \t       Aston Martin \t   7 \t          18/04/22 - 1 балл\r\nВ.Боттас \t       Mercedes \t           7 \t          27/06/22 - 2 балла\r\nС.Феттель \t       Aston Martin \t   6 \t          28/03/22 - 5 баллов\r\nН.Латифи \t       Williams \t           6 \t          06/06/22 - 3 балла\r\nН.Мазепин \t       Haas F1 \t                   6 \t          02/05/22 - 1 балл\r\nЛ.Норрис \t       McLaren \t           5 \t          06/06/22 - 3 балла\r\nЮ.Цунода \t       AlphaTauri \t           5 \t          27/06/22 - 1 балл\r\nМ.Ферстаппен    Red Bull Racing \t   4 \t          12/09/22 - 2 балла\r\nП.Гасли \t        AlphaTauri \t           3 \t           09/05/22 - 1 балл\r\nА.Джовинацци \tAlfa Romeo \t           3 \t           04/07/22 - 2 балла\r\nК.Райкконен \tAlfa Romeo \t           2 \t           04/07/22 - 2 балла\r\nФ.Алонсо \t        Alpine \t                   2 \t           0/10/22 - 2 балла\r\nШ.Леклер \t        Ferrari \t                   2 \t           06/12/21 - 2 балла\r\nЛ.Хэмилтон \tMercedes \t           2 \t           18/07/22 - 2 балла\r\nЭ.Окон \t                Alpine \t                   1 \t           12/09/22 - 1 балл\r\nД.Расселл \t        Williams \t           1 \t           18/07/22 - 1 балл",
      "created": "2021-11-26T15:54:21.832Z",
      "updated": "2021-11-26T15:54:21.832Z",
      "status": "опубликован",
      "tags": [
        2,
        1,
        3
      ]
    }
  },
  {
    "model": "team.rank",
    "pk": 1,
    "fields": {
      "name": "Болид Williams FW43B"
    }
  },
  {
    "model": "team.rank",
    "pk": 2,
    "fields": {
      "name": "Николас Латифи"
    }
  },
  {
    "model": "team.rank",
    "pk": 3,
    "fields": {
      "name": "Джордж Расселл"
    }
  },
  {
    "model": "team.team",
    "pk": 1,
    "fields": {
      "rank": 1,
      "name": "Болид Williams FW43B 2021",
      "slug": "bolid-williams-fw43b-2021",
      "text": "Технические характеристики Williams FW43B\r\nШасси\r\n\r\nМонокок из углепластика и пористых композитных материалов, по прочности и уровню безопасности соответствующий требованиям FIA.\r\n\r\nПередняя подвеска: двойные треугольные рычаги, толкатель, взаимодействующий с пружинами, стабилизатор поперечной устойчивости.\r\n\r\nЗадняя подвеска: двойные треугольные рычаги, тяга, взаимодействующая с пружинами, и стабилизатор поперечной устойчивости.\r\n\r\nТрансмиссия: 8-ступенчатая полуавтоматическая секвентальная КПП, разработанная Williams, с бесступенчатым переключением, одной задней передачей, продольно расположенная, с электрогидравлической системой переключения передач. Многодисковое карбоновое сцепление.\r\n\r\nАмортизаторы: гидравлические, разработанные Williams.\r\n\r\nКолесные диски: ApрTech, из кованого магниевого сплава.\r\n\r\nШины: Pirelli. Передние: 305/670-13, задние: 405/670-13.\r\n\r\nТормозная система: AP, 6-поршневые суппорты впереди, 4-поршневые суппорты сзади, диски и колодки из углепластика.\r\n\r\nРулевое управление: реечное, с усилителем, разработанное Williams.\r\n\r\nТопливный бак: ATL, резиновая емкость, армированная кевларом.\r\n\r\nЭлектронные системы: омологированный FIA стандартный электронный блок управления.\r\n\r\nСистема охлаждения: алюминиевые радиаторы для систем охлаждения двигателя, ERS и коробки передач.\r\n\r\nКокпит: шеститочечные ремни безопасности шириной 75 мм и система HANS, съемное углепластиковое сиденье анатомической формы.\r\nСиловая установка\r\n\r\nMercedes-AMG F1 M12 E Performance. Система непосредственного впрыска топлива (максимальное давление 500 bar, один инжектор на цилиндр). Одноступенчатый компрессор и турбина, работающая на выхлопных газах, с приводом от единого вала; максимальная скорость вращения турбины – 125000 об/мин.\r\n\r\nСистема ERS: Mercedes AMG HPP.\r\n\r\nГабариты и вес машины: вес соответствует минимальному пределу, установленному FIA; высота: 950 мм, ширина: 2000 мм.",
      "description": ""
    }
  },
  {
    "model": "team.team",
    "pk": 2,
    "fields": {
      "rank": 3,
      "name": "Джордж Расселл",
      "slug": "dzhordzh-rassell",
      "text": "Team \tWilliams\r\nCountry \tUnited Kingdom\r\nPodiums \t1\r\nPoints \t19\r\nGrands Prix entered \t58\r\nWorld Championships \tN/A\r\nHighest race finish \t2 (x1)\r\nHighest grid position \t2\r\nDate of birth \t15/02/1998\r\nPlace of birth \tKing's Lynn, England",
      "description": "Biography\r\nHe’s the driver with the motto: “If in doubt, go flat out”.\r\nGeorge Russell has lived by it in his F1 career to date, out-qualifying seasoned team mate Robert Kubica at all 21 Grands Prix in his rookie season, and repeating the feat against Nicolas Latifi in 2020 - and proving Williams right in identifying him as a hard worker and a tenacious talent.\r\nThat brilliant baseline speed served Russell well as he totted up titles on his way to Formula 1. The Briton stormed to the 2017 GP3 championship and delivered the 2018 Formula 2 crown under immense pressure.\r\nSpotting his potential, world champions Mercedes swooped to sign him to their junior programme in 2017, when Russell already had a DTM deal on the table. He banked more experience with practice sessions with Force India and tests for the Silver Arrows, before landing his Mercedes-powered Williams race drive.\r\nA refusal to cede ground to his rivals - and commitment to a tricky pass – underpins Russell’s winning mentality."
    }
  },
  {
    "model": "team.team",
    "pk": 3,
    "fields": {
      "rank": 2,
      "name": "Николас Латифи",
      "slug": "nikolas-latifi",
      "text": "Team \tWilliams\r\nCountry \tCanada\r\nPodiums \tN/A\r\nPoints \t7\r\nGrands Prix entered \t37\r\nWorld Championships \tN/A\r\nHighest race finish \t7 (x1)\r\nHighest grid position \t10\r\nDate of birth \t29/06/1995\r\nPlace of birth \tMontreal, Canada",
      "description": "Biography\r\nThirteen is an advanced age to begin your karting career these days. But that’s how old Toronto native Nicholas Latifi was when he took his first steps in motorsport. Just 11 years later, he became a fully-fledged Formula 1 driver.\r\nThat ascension into racing's top category was largely thanks to his most impressive season to date in Formula 2 in 2019, with Latifi – who’d finished a disappointing ninth in the series’ 2018 standings – pulling up his bootstraps to claim second in the championship. That result, combined with the Williams/Robert Kubica union failing to mesh in 2019, meant Williams made the call to promote their affable Canadian reserve driver to a full-time drive alongside George Russell for 2020.\r\nLatifi’s first taste of F1 machinery actually came all the way back in 2017, when he was given a test by Renault. Further duties with Force India followed in 2018 before he joined the Williams family in 2019. It was an annus horribilis for the squad, no doubt – but Lat"
    }
  },
  {
    "model": "team.teamimage",
    "pk": 1,
    "fields": {
      "image": "team/Car_YteRTU4.jpg",
      "team": 1
    }
  },
  {
    "model": "team.teamimage",
    "pk": 2,
    "fields": {
      "image": "team/rasel.jpg",
      "team": 2
    }
  },
  {
    "model": "team.teamimage",
    "pk": 3,
    "fields": {
      "image": "team/рассел.jpg",
      "team": 2
    }
  },
  {
    "model": "team.teamimage",
    "pk": 4,
    "fields": {
      "image": "team/latifi.jpg",
      "team": 3
    }
  },
  {
    "model": "team.teamimage",
    "pk": 5,
    "fields": {
      "image": "team/Латифи.jpg",
      "team": 3
    }
  },
  {
    "model": "standings.country",
    "pk": 1,
    "fields": {
      "country": "Бахрейн"
    }
  },
  {
    "model": "standings.country",
    "pk": 2,
    "fields": {
      "country": "Эмилия-Романья"
    }
  },
  {
    "model": "standings.country",
    "pk": 3,
    "fields": {
      "country": "Португалия"
    }
  },
  {
    "model": "standings.country",
    "pk": 4,
    "fields": {
      "country": "Испания"
    }
  },
  {
    "model": "standings.country",
    "pk": 5,
    "fields": {
      "country": "Монако"
    }
  },
  {
    "model": "standings.country",
    "pk": 6,
    "fields": {
      "country": "Азербайджан"
    }
  },
  {
    "model": "standings.country",
    "pk": 7,
    "fields": {
      "country": "Франция"
    }
  },
  {
    "model": "standings.country",
    "pk": 8,
    "fields": {
      "country": "Штирия (Австрия)"
    }
  },
  {
    "model": "standings.country",
    "pk": 9,
    "fields": {
      "country": "Австрия"
    }
  },
  {
    "model": "standings.country",
    "pk": 10,
    "fields": {
      "country": "Великобритания"
    }
  },
  {
    "model": "standings.country",
    "pk": 11,
    "fields": {
      "country": "Венгрия"
    }
  },
  {
    "model": "standings.country",
    "pk": 12,
    "fields": {
      "country": "Бельгия"
    }
  },
  {
    "model": "standings.country",
    "pk": 13,
    "fields": {
      "country": "Нидерланды"
    }
  },
  {
    "model": "standings.country",
    "pk": 14,
    "fields": {
      "country": "Италия"
    }
  },
  {
    "model": "standings.country",
    "pk": 15,
    "fields": {
      "country": "Россия"
    }
  },
  {
    "model": "standings.country",
    "pk": 16,
    "fields": {
      "country": "Турция"
    }
  },
  {
    "model": "standings.country",
    "pk": 17,
    "fields": {
      "country": "США"
    }
  },
  {
    "model": "standings.country",
    "pk": 18,
    "fields": {
      "country": "Мехико"
    }
  },
  {
    "model": "standings.country",
    "pk": 19,
    "fields": {
      "country": "Бразилия"
    }
  },
  {
    "model": "standings.country",
    "pk": 20,
    "fields": {
      "country": "Саудовская Аравия"
    }
  },
  {
    "model": "standings.country",
    "pk": 21,
    "fields": {
      "country": "ОАЭ"
    }
  },
  {
    "model": "standings.country",
    "pk": 22,
    "fields": {
      "country": "Катар"
    }
  },
  {
    "model": "standings.team",
    "pk": 1,
    "fields": {
      "team": "Mercedes"
    }
  },
  {
    "model": "standings.team",
    "pk": 2,
    "fields": {
      "team": "Red Bull"
    }
  },
  {
    "model": "standings.team",
    "pk": 3,
    "fields": {
      "team": "Ferrari"
    }
  },
  {
    "model": "standings.team",
    "pk": 4,
    "fields": {
      "team": "McLaren"
    }
  },
  {
    "model": "standings.team",
    "pk": 5,
    "fields": {
      "team": "Alpine"
    }
  },
  {
    "model": "standings.team",
    "pk": 6,
    "fields": {
      "team": "AlphaTauri"
    }
  },
  {
    "model": "standings.team",
    "pk": 7,
    "fields": {
      "team": "AstonMartin"
    }
  },
  {
    "model": "standings.team",
    "pk": 8,
    "fields": {
      "team": "Williams"
    }
  },
  {
    "model": "standings.team",
    "pk": 9,
    "fields": {
      "team": "Alfa Romeo"
    }
  },
  {
    "model": "standings.team",
    "pk": 10,
    "fields": {
      "team": "Haas"
    }
  },
  {
    "model": "standings.team_standing",
    "pk": 1,
    "fields": {
      "team": 1,
      "country": 1,
      "point": "41"
    }
  },
  {
    "model": "standings.team_standing",
    "pk": 2,
    "fields": {
      "team": 1,
      "country": 14,
      "point": "19"
    }
  },
  {
    "model": "standings.team_standing",
    "pk": 3,
    "fields": {
      "team": 1,
      "country": 3,
      "point": "41"
    }
  },
  {
    "model": "standings.team_standing",
    "pk": 4,
    "fields": {
      "team": 1,
      "country": 4,
      "point": "40"
    }
  },
  {
    "model": "standings.team_standing",
    "pk": 5,
    "fields": {
      "team": 1,
      "country": 5,
      "point": "7"
    }
  },
  {
    "model": "schedule.schedule",
    "pk": 1,
    "fields": {
      "date": "28/03",
      "image": "schedule/2021/11/26/BAH.gif",
      "grandprix": "Бахрейн",
      "track": "Сахир",
      "length": "5412 м",
      "laps": "56.000",
      "distance": "308.238",
      "winner": "Л.Хэмилтон",
      "team": "Mercedes"
    }
  },
  {
    "model": "schedule.schedule",
    "pk": 2,
    "fields": {
      "date": "18/04",
      "image": "schedule/2021/11/26/ITA.gif",
      "grandprix": "Эмилия-Романья",
      "track": "Имола",
      "length": "4909 м",
      "laps": "63.000",
      "distance": "309.049",
      "winner": "М. Ферстаппен",
      "team": "Red Bull"
    }
  },
  {
    "model": "schedule.schedule",
    "pk": 3,
    "fields": {
      "date": "02/05",
      "image": "schedule/2021/11/26/POR.gif",
      "grandprix": "Португалия",
      "track": "Портимао",
      "length": "4653 м",
      "laps": "66.000",
      "distance": "306.826",
      "winner": "Л.Хэмилтон",
      "team": "Mercedes"
    }
  }
]